series,n_events,n_clean,zero_yes,one_yes,multi_yes,n_scalar,multi_yes_upper95,zero_yes_upper95
KXAAAGASD,12,12,0,0,12,0,1.0,0.2209
KXAAAGASDCA,12,12,0,0,12,0,1.0,0.2209
KXAAAGASDFL,12,12,0,0,12,0,1.0,0.2209
KXAAAGASDGA,12,12,0,0,12,0,1.0,0.2209
KXAAAGASDIL,12,12,0,0,12,0,1.0,0.2209
KXAAAGASDMA,9,9,0,0,9,0,1.0,0.2831
KXAAAGASDMI,9,9,0,0,9,0,1.0,0.2831
KXAAAGASDNC,12,12,0,0,12,0,1.0,0.2209
KXAAAGASDNJ,12,12,0,0,12,0,1.0,0.2209
KXAAAGASDNY,12,12,0,0,12,0,1.0,0.2209
KXAAAGASDOH,12,12,0,0,12,0,1.0,0.2209
KXAAAGASDPA,12,12,0,0,12,0,1.0,0.2209
KXAAAGASDTN,9,9,0,0,9,0,1.0,0.2831
KXAAAGASDTX,12,12,0,0,12,0,1.0,0.2209
KXAAAGASDVA,9,9,0,0,9,0,1.0,0.2831
KXAAAGASDWA,12,12,0,0,12,0,1.0,0.2209
KXALBUMEQUIV,12,12,3,2,7,0,0.819,0.5273
KXALBUMSTREAMS,6,6,0,0,6,0,1.0,0.393
KXALLSVENSKANSPREAD,12,12,6,3,3,0,0.5273,0.7547
KXALLSVENSKANTOTAL,12,12,1,2,9,0,0.9281,0.3387
KXAPFDDHTOTAL,12,12,0,4,8,0,0.8771,0.2209
KXARGNACBBTTS,12,12,8,4,0,0,0.2209,0.8771
KXARGNACBGAME,60,49,0,49,0,11,0.0593,0.0593
KXARGNACBSPREAD,12,12,10,1,1,0,0.3387,0.9695
KXARGNACBTOTAL,12,12,4,2,6,0,0.7547,0.6091
KXARGPREMDIVGAME,60,60,0,60,0,0,0.0487,0.0487
KXARGPREMDIVSPREAD,12,12,10,1,1,0,0.3387,0.9695
KXATP,11,11,0,11,0,0,0.2384,0.2384
KXATPCHALLENGERDOUBLES,60,57,0,57,0,3,0.0512,0.0512
KXATPCHALLENGERMATCH,60,60,0,60,0,0,0.0487,0.0487
KXATPDOUBLES,60,54,0,54,0,6,0.054,0.054
KXATPEXACTMATCH,60,59,0,59,0,1,0.0495,0.0495
KXATPGSPREAD,12,11,3,2,6,1,0.8004,0.5644
KXATPGTOTAL,12,11,3,3,5,1,0.7288,0.5644
KXATPMATCH,60,60,0,60,0,0,0.0487,0.0487
KXATPSETWINNER,60,59,0,59,0,1,0.0495,0.0495
KXATPSSPREAD,12,11,4,7,0,1,0.2384,0.6502
KXATPTOTALSETS,12,11,5,2,4,1,0.6502,0.7288
KXB200WS,10,10,0,0,10,0,1.0,0.2589
KXBELGIANPLBTTS,12,12,7,5,0,0,0.2209,0.819
KXBELGIANPLGAME,56,55,0,55,0,1,0.053,0.053
KXBELGIANPLSPREAD,12,12,6,3,3,0,0.5273,0.7547
KXBELGIANPLTOTAL,12,12,1,2,9,0,0.9281,0.3387
KXBIGGESTQUAKE,10,10,2,3,5,0,0.7776,0.5069
KXBNB15M,12,12,6,6,0,0,0.2209,0.7547
KXBNBD,12,12,0,0,12,0,1.0,0.2209
KXBOLPDIVGAME,60,60,0,60,0,0,0.0487,0.0487
KXBRASILEIRO1H,60,60,0,60,0,0,0.0487,0.0487
KXBRASILEIRO1HSPREAD,12,12,10,2,0,0,0.2209,0.9695
KXBRASILEIRO1HTOTAL,12,12,3,4,5,0,0.6848,0.5273
KXBRASILEIROB1H,60,60,0,60,0,0,0.0487,0.0487
KXBRASILEIROB1HSPREAD,12,12,11,1,0,0,0.2209,0.9957
KXBRASILEIROB1HTOTAL,12,12,3,4,5,0,0.6848,0.5273
KXBRASILEIROBGAME,60,53,0,53,0,7,0.055,0.055
KXBRASILEIROBSPREAD,12,12,8,3,1,0,0.3387,0.8771
KXBRASILEIROBTOTAL,12,12,0,2,10,0,0.9695,0.2209
KXBRASILEIROSCORE,60,60,0,60,0,0,0.0487,0.0487
KXBRASILEIROSPREAD,12,12,10,2,0,0,0.2209,0.9695
KXBRASILEIROTEAMTOTAL,12,12,0,1,11,0,0.9957,0.2209
KXBRASILEIROTOTAL,12,12,0,1,11,0,0.9957,0.2209
KXBRENTD,12,12,0,0,12,0,1.0,0.2209
KXBTC,12,12,0,12,0,0,0.2209,0.2209
KXBTC15M,12,12,6,6,0,0,0.2209,0.7547
KXBTCD,12,12,0,0,12,0,1.0,0.2209
KXBUNDESLIGA1HSCORE,28,28,0,28,0,0,0.1015,0.1015
KXBUNDESLIGA1HSPREAD,12,12,7,5,0,0,0.2209,0.819
KXBUNDESLIGA1HTOTAL,12,12,0,7,5,0,0.6848,0.2209
KXBUNDESLIGA2GAME,47,47,0,47,0,0,0.0618,0.0618
KXBUNDESLIGA2H,28,28,0,28,0,0,0.1015,0.1015
KXBUNDESLIGA2TOTAL,12,12,0,3,9,0,0.9281,0.2209
KXBUNDESLIGAGAME,28,28,0,28,0,0,0.1015,0.1015
KXBUNDESLIGASCORE,28,28,1,27,0,0,0.1015,0.1585
KXBUNDESLIGASPREAD,12,12,4,2,6,0,0.7547,0.6091
KXCANPLGAME,40,39,0,39,0,1,0.0739,0.0739
KXCANPLSPREAD,12,12,8,3,1,0,0.3387,0.8771
KXCANPLTOTAL,12,12,1,3,8,0,0.8771,0.3387
KXCFLSPREAD,12,12,1,3,8,0,0.8771,0.3387
KXCFLTOTAL,12,12,3,2,7,0,0.819,0.5273
KXCHLLDPTOTAL,12,12,1,2,9,0,0.9281,0.3387
KXCHNL1GAME,39,39,0,39,0,0,0.0739,0.0739
KXCHNL1SPREAD,12,12,11,1,0,0,0.2209,0.9957
KXCHNL1TOTAL,12,12,1,5,6,0,0.7547,0.3387
KXCHNSLTOTAL,12,12,2,1,9,0,0.9281,0.4381
KXCONMEBOLLIBSPREAD,12,12,10,2,0,0,0.2209,0.9695
KXCONMEBOLLIBTOTAL,12,12,1,4,7,0,0.819,0.3387
KXCONMEBOLSUD1H,40,39,0,39,0,1,0.0739,0.0739
KXCONMEBOLSUD1HTOTAL,12,12,4,4,4,0,0.6091,0.6091
KXCONMEBOLSUDTOTAL,12,12,2,2,8,0,0.8771,0.4381
KXCOPADOBRASIL1HSPREAD,12,12,9,3,0,0,0.2209,0.9281
KXCOPADOBRASIL1HTOTAL,12,12,5,3,4,0,0.6091,0.6848
KXCOPADOBRASILGAME,24,24,0,24,0,0,0.1173,0.1173
KXCOPPAITALIA1HBTTS,12,12,10,2,0,0,0.2209,0.9695
KXCOPPAITALIA1HTOTAL,12,12,1,5,6,0,0.7547,0.3387
KXCOPPAITALIASPREAD,12,12,6,3,3,0,0.5273,0.7547
KXCOPPAITALIATEAMTOTAL,12,12,0,2,10,0,0.9695,0.2209
KXCOPPAITALIATOTAL,12,12,0,2,10,0,0.9695,0.2209
KXCOPPER15M,12,12,6,6,0,0,0.2209,0.7547
KXCOPPERD,12,12,0,0,12,0,1.0,0.2209
KXCOPPERW,10,10,0,0,10,0,1.0,0.2589
KXCOUNTYCHAMPMATCH,42,32,0,32,0,10,0.0894,0.0894
KXCPLTEAMTOTAL,12,12,7,1,4,0,0.6091,0.819
KXCRYPTOLEAD15M,60,60,0,60,0,0,0.0487,0.0487
KXCS2GAME,60,53,0,53,0,7,0.055,0.055
KXCS2MAP,60,50,0,50,0,10,0.0582,0.0582
KXCS2TOTALMAPS,12,10,6,4,0,2,0.2589,0.85
KXCZEFLGAME,60,55,0,55,0,5,0.053,0.053
KXCZEFLSPREAD,12,12,7,3,2,0,0.4381,0.819
KXCZEFLTOTAL,12,12,1,0,11,0,0.9957,0.3387
KXCZEFNLGAME,44,44,0,44,0,0,0.0658,0.0658
KXCZEFNLSPREAD,12,12,10,2,0,0,0.2209,0.9695
KXDARTSMATCH,60,60,0,60,0,0,0.0487,0.0487
KXDENSUPERLIGATOTAL,12,12,0,0,12,0,1.0,0.2209
KXDIESELD,12,12,0,0,12,0,1.0,0.2209
KXDIMAYORGAME,60,54,0,54,0,6,0.054,0.054
KXDIMAYORSPREAD,12,12,10,2,0,0,0.2209,0.9695
KXDIMAYORTOTAL,12,12,0,3,9,0,0.9281,0.2209
KXDJI,12,12,0,0,12,0,1.0,0.2209
KXDOGE,60,60,0,60,0,0,0.0487,0.0487
KXDOGE15M,12,12,8,4,0,0,0.2209,0.8771
KXDOGED,12,12,0,0,12,0,1.0,0.2209
KXDOTA2GAME,60,50,0,50,0,10,0.0582,0.0582
KXDOTA2MAP,60,52,0,52,0,8,0.056,0.056
KXDOTA2TOTALMAPS,12,10,6,4,0,2,0.2589,0.85
KXDPWORLDTOUR,5,5,0,5,0,0,0.4507,0.4507
KXDPWORLDTOURMAKECUT,6,1,0,0,1,5,1.0,0.95
KXDPWORLDTOURR1LEAD,6,5,0,5,0,1,0.4507,0.4507
KXDPWORLDTOURR2LEAD,6,5,0,5,0,1,0.4507,0.4507
KXDPWORLDTOURR3LEAD,5,5,0,5,0,0,0.4507,0.4507
KXDPWT3BALL,60,48,0,48,0,12,0.0605,0.0605
KXECULPGAME,60,60,0,60,0,0,0.0487,0.0487
KXECULPSPREAD,12,12,11,1,0,0,0.2209,0.9957
KXECULPTOTAL,12,12,1,3,8,0,0.8771,0.3387
KXEERSTEDIVGAME,60,60,0,60,0,0,0.0487,0.0487
KXEERSTEDIVSPREAD,12,12,5,3,4,0,0.6091,0.6848
KXEERSTEDIVTOTAL,12,12,1,2,9,0,0.9281,0.3387
KXEFLCHAMPIONSHIP1H,60,60,0,60,0,0,0.0487,0.0487
KXEFLCHAMPIONSHIP1HBTTS,12,12,10,2,0,0,0.2209,0.9695
KXEFLCHAMPIONSHIP1HSPREAD,12,12,9,3,0,0,0.2209,0.9281
KXEFLCHAMPIONSHIP1HTOTAL,12,12,4,4,4,0,0.6091,0.6091
KXEFLCHAMPIONSHIPBTTS,12,12,5,7,0,0,0.2209,0.6848
KXEFLCHAMPIONSHIPGAME,60,60,0,60,0,0,0.0487,0.0487
KXEFLCHAMPIONSHIPSPREAD,12,12,9,2,1,0,0.3387,0.9281
KXEFLCHAMPIONSHIPTOTAL,12,12,1,4,7,0,0.819,0.3387
KXEFLCUP1H,60,60,0,60,0,0,0.0487,0.0487
KXEFLCUPGAME,60,59,0,59,0,1,0.0495,0.0495
KXEFLL11H,60,60,0,60,0,0,0.0487,0.0487
KXEFLL11HBTTS,12,12,9,3,0,0,0.2209,0.9281
KXEFLL1BTTS,12,12,7,5,0,0,0.2209,0.819
KXEFLL1GAME,60,59,0,59,0,1,0.0495,0.0495
KXEFLL1SPREAD,12,12,10,0,2,0,0.4381,0.9695
KXEFLL1TOTAL,12,12,3,2,7,0,0.819,0.5273
KXEGYPLGAME,51,50,0,50,0,1,0.0582,0.0582
KXEGYPLSPREAD,12,12,7,5,0,0,0.2209,0.819
KXEGYPLTOTAL,12,12,0,3,9,0,0.9281,0.2209
KXEKSTRAKLASAGAME,60,58,0,58,0,2,0.0503,0.0503
KXEKSTRAKLASASPREAD,12,12,7,5,0,0,0.2209,0.819
KXEKSTRAKLASATOTAL,12,12,0,0,12,0,1.0,0.2209
KXELITESERIENGAME,60,60,0,60,0,0,0.0487,0.0487
KXELITESERIENSPREAD,12,12,4,6,2,0,0.4381,0.6091
KXEMMY,17,17,0,17,0,0,0.1616,0.1616
KXENGNLBTTS,12,12,4,8,0,0,0.2209,0.6091
KXENGNLTOTAL,12,12,0,4,8,0,0.8771,0.2209
KXEPL1H,41,41,0,41,0,0,0.0705,0.0705
KXEPL1HBTTS,12,12,8,4,0,0,0.2209,0.8771
KXEPL1HSCORE,41,41,1,40,0,0,0.0705,0.1106
KXEPL1HSPREAD,12,12,11,1,0,0,0.2209,0.9957
KXEPL1HTOTAL,12,12,6,1,5,0,0.6848,0.7547
KXEPL2H,41,41,0,41,0,0,0.0705,0.0705
KXEPLBTTS,12,12,6,6,0,0,0.2209,0.7547
KXEPLCORNERS,12,12,2,2,8,0,0.8771,0.4381
KXEPLFIRSTGOAL,12,12,0,12,0,0,0.2209,0.2209
KXEPLFTTS,41,41,0,41,0,0,0.0705,0.0705
KXEPLGAME,41,41,0,41,0,0,0.0705,0.0705
KXEPLGOAL,12,12,2,2,8,0,0.8771,0.4381
KXEPLSCORE,41,41,0,41,0,0,0.0705,0.0705
KXEPLSPREAD,12,12,8,1,3,0,0.5273,0.8771
KXEPLTOTAL,12,12,2,1,9,0,0.9281,0.4381
KXEREDIVISIE1H,55,55,0,55,0,0,0.053,0.053
KXEREDIVISIE1HTOTAL,12,12,3,5,4,0,0.6091,0.5273
KXEREDIVISIEGAME,56,54,0,54,0,2,0.054,0.054
KXEREDIVISIESPREAD,12,12,5,1,6,0,0.7547,0.6848
KXEREDIVISIETOTAL,12,12,1,1,10,0,0.9695,0.3387
KXETH,12,12,0,12,0,0,0.2209,0.2209
KXETH15M,12,12,6,6,0,0,0.2209,0.7547
KXETHD,12,12,0,0,12,0,1.0,0.2209
KXETTANBTTS,12,12,6,6,0,0,0.2209,0.7547
KXETTANGAME,60,60,0,60,0,0,0.0487,0.0487
KXETTANSPREAD,12,12,5,4,3,0,0.5273,0.6848
KXETTANTOTAL,12,12,2,1,9,0,0.9281,0.4381
KXEURUSD,12,12,0,12,0,0,0.2209,0.2209
KXEWSLGAME,15,15,0,15,0,0,0.181,0.181
KXF1FASTLAP,5,5,0,5,0,0,0.4507,0.4507
KXF1POLE,5,5,0,5,0,0,0.4507,0.4507
KXF1TOP5,5,5,0,0,5,0,1.0,0.4507
KXFACUPBTTS,5,5,3,2,0,0,0.4507,0.9236
KXFACUPTOTAL,7,7,0,3,4,0,0.8712,0.3482
KXFIBASPREAD,6,6,0,3,3,0,0.8468,0.393
KXFIBATOTAL,6,6,0,0,6,0,1.0,0.393
KXFINYLSPREAD,12,12,6,4,2,0,0.4381,0.7547
KXFINYLTOTAL,12,12,1,1,10,0,0.9695,0.3387
KXGER3LGAME,51,51,0,51,0,0,0.057,0.057
KXGER3LSPREAD,12,12,10,2,0,0,0.2209,0.9695
KXGER3LTOTAL,12,12,0,1,11,0,0.9957,0.2209
KXGOLD15M,12,12,4,8,0,0,0.2209,0.6091
KXGOLDD,12,12,0,0,12,0,1.0,0.2209
KXGOLDH,12,12,0,0,12,0,1.0,0.2209
KXGOOGSHARE,5,5,1,2,2,0,0.8107,0.6574
KXGRECUPBTTS,12,12,8,4,0,0,0.2209,0.8771
KXGRECUPTOTAL,12,12,1,4,7,0,0.819,0.3387
KXH100WS,10,10,0,0,10,0,1.0,0.2589
KXH200WS,10,10,0,0,10,0,1.0,0.2589
KXHIGHAUS,12,12,0,12,0,0,0.2209,0.2209
KXHIGHCHI,12,12,0,12,0,0,0.2209,0.2209
KXHIGHLAX,12,12,0,12,0,0,0.2209,0.2209
KXHIGHMIA,12,12,0,12,0,0,0.2209,0.2209
KXHIGHNY,12,12,0,12,0,0,0.2209,0.2209
KXHIGHPHIL,12,12,0,12,0,0,0.2209,0.2209
KXHIGHTATL,12,12,0,12,0,0,0.2209,0.2209
KXHIGHTBOS,12,12,0,12,0,0,0.2209,0.2209
KXHIGHTDAL,12,12,0,12,0,0,0.2209,0.2209
KXHIGHTEWR,12,12,0,12,0,0,0.2209,0.2209
KXHIGHTHOU,12,12,0,12,0,0,0.2209,0.2209
KXHIGHTLV,12,12,0,12,0,0,0.2209,0.2209
KXHIGHTMIN,12,12,0,12,0,0,0.2209,0.2209
KXHIGHTNOLA,12,12,0,12,0,0,0.2209,0.2209
KXHIGHTPHX,12,12,0,12,0,0,0.2209,0.2209
KXHIGHTSAN,12,12,0,12,0,0,0.2209,0.2209
KXHIGHTSEA,12,12,0,12,0,0,0.2209,0.2209
KXHIGHTSFO,12,12,0,12,0,0,0.2209,0.2209
KXHIGHTTTN,12,12,0,12,0,0,0.2209,0.2209
KXHNLSPREAD,12,12,9,1,2,0,0.4381,0.9281
KXHNLTOTAL,12,12,2,2,8,0,0.8771,0.4381
KXHYPE,12,12,0,12,0,0,0.2209,0.2209
KXHYPE15M,12,12,3,9,0,0,0.2209,0.5273
KXHYPED,12,12,0,0,12,0,1.0,0.2209
KXIDNSLGAME,22,21,0,21,0,1,0.1329,0.1329
KXIDNSLSPREAD,12,12,8,3,1,0,0.3387,0.8771
KXIDNSLTOTAL,12,12,0,2,10,0,0.9695,0.2209
KXINDYCARTOP3,7,7,0,0,7,0,1.0,0.3482
KXINX,48,48,0,48,0,0,0.0605,0.0605
KXINXHUD,12,12,4,8,0,0,0.2209,0.6091
KXINXU,12,12,0,0,12,0,1.0,0.2209
KXISRNLGAME,48,48,0,48,0,0,0.0605,0.0605
KXISRNLSPREAD,12,12,7,4,1,0,0.3387,0.819
KXISRPLTOTAL,12,12,0,1,11,0,0.9957,0.2209
KXITFDOUBLES,60,56,0,56,0,4,0.0521,0.0521
KXITFMATCH,60,60,0,60,0,0,0.0487,0.0487
KXITFWDOUBLES,60,56,0,56,0,4,0.0521,0.0521
KXITFWMATCH,60,60,0,60,0,0,0.0487,0.0487
KXJ2LEAGUEGAME,44,44,0,44,0,0,0.0658,0.0658
KXJ2LEAGUETOTAL,12,12,2,4,6,0,0.7547,0.4381
KXJLEAGUE1H,60,60,0,60,0,0,0.0487,0.0487
KXJLEAGUE1HBTTS,12,12,11,1,0,0,0.2209,0.9957
KXJLEAGUE1HTOTAL,12,12,5,3,4,0,0.6091,0.6848
KXJLEAGUEBTTS,12,12,5,7,0,0,0.2209,0.6848
KXJLEAGUEGAME,60,60,0,60,0,0,0.0487,0.0487
KXJLEAGUESPREAD,12,12,7,4,1,0,0.3387,0.819
KXJLEAGUETOTAL,12,12,0,2,10,0,0.9695,0.2209
KXK2LEAGUEGAME,36,36,0,36,0,0,0.0798,0.0798
KXK2LEAGUESPREAD,12,12,8,4,0,0,0.2209,0.8771
KXKBOGAME,60,57,0,57,0,3,0.0512,0.0512
KXKBORFI,12,12,9,3,0,0,0.2209,0.9281
KXKBOSPREAD,12,12,4,2,6,0,0.7547,0.6091
KXKBOTOTAL,12,12,5,0,7,0,0.819,0.6848
KXKHLGAME,60,60,0,60,0,0,0.0487,0.0487
KXKLEAGUE1H,60,60,0,60,0,0,0.0487,0.0487
KXKLEAGUEGAME,60,58,0,58,0,2,0.0503,0.0503
KXKLEAGUESPREAD,12,12,12,0,0,0,0.2209,1.0
KXKLEAGUETOTAL,12,12,1,2,9,0,0.9281,0.3387
KXKNVBCUPADVANCE,32,32,0,32,0,0,0.0894,0.0894
KXKNVBCUPGAME,32,32,0,32,0,0,0.0894,0.0894
KXKNVBCUPSPREAD,12,12,6,4,2,0,0.4381,0.7547
KXKNVBCUPTOTAL,12,12,0,0,12,0,1.0,0.2209
KXLALIGA1HBTTS,12,11,8,3,0,1,0.2384,0.9212
KXLALIGA1HTOTAL,12,11,3,2,6,1,0.8004,0.5644
KXLALIGA2GAME,56,56,0,56,0,0,0.0521,0.0521
KXLALIGA2H,60,59,0,59,0,1,0.0495,0.0495
KXLALIGA2HBTTS,12,11,8,3,0,1,0.2384,0.9212
KXLALIGA2SPREAD,12,12,5,5,2,0,0.4381,0.6848
KXLALIGA2TOTAL,12,12,0,2,10,0,0.9695,0.2209
KXLALIGACORNERS,12,11,0,4,7,1,0.8649,0.2384
KXLALIGAFTTS,60,59,0,59,0,1,0.0495,0.0495
KXLALIGAGAME,60,58,0,58,0,2,0.0503,0.0503
KXLALIGAGOAL,12,11,0,3,8,1,0.9212,0.2384
KXLALIGASCORE,60,59,2,57,0,1,0.0495,0.1029
KXLALIGASPREAD,12,11,6,2,3,1,0.5644,0.8004
KXLALIGATCORNERS,12,11,4,7,0,1,0.2384,0.6502
KXLALIGATEAMTOTAL,12,11,0,3,8,1,0.9212,0.2384
KXLALIGATOTAL,12,11,0,3,8,1,0.9212,0.2384
KXLEAGUESCUP1H,60,60,0,60,0,0,0.0487,0.0487
KXLEAGUESCUP1HTOTAL,12,12,5,5,2,0,0.4381,0.6848
KXLEAGUESCUPADVANCE,8,8,0,8,0,0,0.3123,0.3123
KXLEAGUESCUPSCORE,60,60,0,60,0,0,0.0487,0.0487
KXLEAGUESCUPSPREAD,12,12,6,5,1,0,0.3387,0.7547
KXLEAGUESCUPTEAMTOTAL,12,12,0,1,11,0,0.9957,0.2209
KXLIGAEXP1H,60,60,0,60,0,0,0.0487,0.0487
KXLIGAEXP1HBTTS,12,12,7,5,0,0,0.2209,0.819
KXLIGAEXP1HSPREAD,12,12,12,0,0,0,0.2209,1.0
KXLIGAEXP1HTOTAL,12,12,2,5,5,0,0.6848,0.4381
KXLIGAEXPSPREAD,12,12,7,4,1,0,0.3387,0.819
KXLIGAEXPTOTAL,12,12,0,2,10,0,0.9695,0.2209
KXLIGAMX1H,60,59,0,59,0,1,0.0495,0.0495
KXLIGAMX1HSCORE,27,27,0,27,0,0,0.105,0.105
KXLIGAMX1HSPREAD,12,12,9,3,0,0,0.2209,0.9281
KXLIGAMX1HTOTAL,12,12,6,3,3,0,0.5273,0.7547
KXLIGAMX2H,28,27,0,27,0,1,0.105,0.105
KXLIGAMXGAME,60,55,0,55,0,5,0.053,0.053
KXLIGAMXSCORE,60,59,1,58,0,1,0.0495,0.0779
KXLIGAMXSPREAD,12,11,6,2,3,1,0.5644,0.8004
KXLIGAMXTEAMTOTAL,12,12,1,3,8,0,0.8771,0.3387
KXLIGAMXTOTAL,12,11,1,2,8,1,0.9212,0.3644
KXLIGAPORTUGALSPREAD,12,12,7,3,2,0,0.4381,0.819
KXLIGAPORTUGALTOTAL,12,12,1,1,10,0,0.9695,0.3387
KXLIGUE11H,37,37,0,37,0,0,0.0778,0.0778
KXLIGUE11HSPREAD,12,12,11,1,0,0,0.2209,0.9957
KXLIGUE11HTOTAL,12,12,5,3,4,0,0.6091,0.6848
KXLIGUE12H,28,28,0,28,0,0,0.1015,0.1015
KXLIGUE1GAME,38,37,0,37,0,1,0.0778,0.0778
KXLIGUE1SCORE,37,37,1,36,0,0,0.0778,0.1219
KXLIGUE1SPREAD,12,12,11,1,0,0,0.2209,0.9957
KXLIGUE1TEAMTOTAL,12,12,2,3,7,0,0.819,0.4381
KXLIGUE1TOTAL,12,12,2,3,7,0,0.819,0.4381
KXLIGUE2GAME,51,51,0,51,0,0,0.057,0.057
KXLIGUE2SPREAD,12,12,11,1,0,0,0.2209,0.9957
KXLIGUE2TOTAL,12,12,0,4,8,0,0.8771,0.2209
KXLIIGAGAME,37,37,0,37,0,0,0.0778,0.0778
KXLNBPGAME,60,60,0,60,0,0,0.0487,0.0487
KXLNBPSPREAD,12,12,2,2,8,0,0.8771,0.4381
KXLNBPTOTAL,12,12,0,0,12,0,1.0,0.2209
KXLOLGAME,60,58,0,58,0,2,0.0503,0.0503
KXLOLMAP,60,57,0,57,0,3,0.0512,0.0512
KXLOLTOTALMAPS,12,11,4,4,3,1,0.5644,0.6502
KXLOWTATL,12,12,0,12,0,0,0.2209,0.2209
KXLOWTAUS,12,12,0,12,0,0,0.2209,0.2209
KXLOWTBOS,12,12,0,12,0,0,0.2209,0.2209
KXLOWTCHI,12,12,0,12,0,0,0.2209,0.2209
KXLOWTDAL,12,12,0,12,0,0,0.2209,0.2209
KXLOWTHOU,12,12,0,12,0,0,0.2209,0.2209
KXLOWTLAX,12,12,0,12,0,0,0.2209,0.2209
KXLOWTLV,12,12,0,12,0,0,0.2209,0.2209
KXLOWTMIN,12,12,0,12,0,0,0.2209,0.2209
KXLOWTNOLA,12,12,0,12,0,0,0.2209,0.2209
KXLOWTNYC,12,12,0,12,0,0,0.2209,0.2209
KXLOWTPHIL,12,12,0,12,0,0,0.2209,0.2209
KXLOWTPHX,12,12,0,12,0,0,0.2209,0.2209
KXLOWTSATX,12,12,0,12,0,0,0.2209,0.2209
KXLOWTSEA,12,12,0,12,0,0,0.2209,0.2209
KXLOWTSFO,12,12,0,12,0,0,0.2209,0.2209
KXLVAVIRBTTS,12,12,7,5,0,0,0.2209,0.819
KXLVAVIRSPREAD,12,12,12,0,0,0,0.2209,1.0
KXLVAVIRTOTAL,12,12,2,5,5,0,0.6848,0.4381
KXMAMDANIMENTION,12,12,2,0,10,0,0.9695,0.4381
KXMLBERA,12,12,0,2,10,0,0.9695,0.2209
KXMLBEXTRAS,12,12,12,0,0,0,0.2209,1.0
KXMLBF3,60,60,0,60,0,0,0.0487,0.0487
KXMLBF5,60,60,0,60,0,0,0.0487,0.0487
KXMLBF5SPREAD,12,12,4,2,6,0,0.7547,0.6091
KXMLBF5TOTAL,12,12,0,0,12,0,1.0,0.2209
KXMLBF7,60,60,0,60,0,0,0.0487,0.0487
KXMLBGAME,60,60,0,60,0,0,0.0487,0.0487
KXMLBHA,12,12,0,0,12,0,1.0,0.2209
KXMLBHIT,12,9,0,0,9,3,1.0,0.2831
KXMLBHR,12,9,1,2,6,3,0.9023,0.4291
KXMLBHRR,12,9,0,0,9,3,1.0,0.2831
KXMLBINNINGTOTAL,12,12,6,4,2,0,0.4381,0.7547
KXMLBINNINGWIN,60,60,0,60,0,0,0.0487,0.0487
KXMLBKS,12,12,0,1,11,0,0.9957,0.2209
KXMLBOUTS,12,12,5,5,2,0,0.4381,0.6848
KXMLBRBI,12,9,0,0,9,3,1.0,0.2831
KXMLBRFI,12,12,3,9,0,0,0.2209,0.5273
KXMLBSB,12,9,3,3,3,3,0.6551,0.6551
KXMLBSPREAD,12,12,1,2,9,0,0.9281,0.3387
KXMLBTB,12,9,0,0,9,3,1.0,0.2831
KXMLBTEAMTOTAL,12,12,0,0,12,0,1.0,0.2209
KXMLBTOTAL,12,12,0,1,11,0,0.9957,0.2209
KXMLBWA,12,12,0,3,9,0,0.9281,0.2209
KXMLS1H,60,59,0,59,0,1,0.0495,0.0495
KXMLS1HBTTS,12,12,11,1,0,0,0.2209,0.9957
KXMLS1HSCORE,60,59,0,59,0,1,0.0495,0.0495
KXMLS1HSPREAD,12,12,10,2,0,0,0.2209,0.9695
KXMLS2H,60,59,0,59,0,1,0.0495,0.0495
KXMLSGAME,60,59,0,59,0,1,0.0495,0.0495
KXMLSSCORE,60,59,3,56,0,1,0.0495,0.1262
KXMLSSPREAD,12,12,7,3,2,0,0.4381,0.819
KXMLSTEAMTOTAL,12,12,0,3,9,0,0.9281,0.2209
KXMLSTOTAL,12,12,0,3,9,0,0.9281,0.2209
KXMYSLTOTAL,12,12,1,0,11,0,0.9957,0.3387
KXNASCARPOLE,5,3,0,3,0,2,0.6316,0.6316
KXNASCARRACE,19,19,0,19,0,0,0.1459,0.1459
KXNASCARTOP10,12,12,0,0,12,0,1.0,0.2209
KXNASCARTOP20,8,8,0,0,8,0,1.0,0.3123
KXNASCARTOP3,12,12,0,0,12,0,1.0,0.2209
KXNASCARTOP5,8,8,0,0,8,0,1.0,0.3123
KXNASDAQ100U,12,12,0,0,12,0,1.0,0.2209
KXNATGAS15M,12,12,7,5,0,0,0.2209,0.819
KXNATGASD,12,12,0,0,12,0,1.0,0.2209
KXNATGASW,10,10,0,0,10,0,1.0,0.2589
KXNCAAF1H,60,60,0,60,0,0,0.0487,0.0487
KXNCAAF1HFT,60,60,0,60,0,0,0.0487,0.0487
KXNCAAF1HSPREAD,12,12,0,1,11,0,0.9957,0.2209
KXNCAAF1HTEAMTOTAL,12,12,1,0,11,0,0.9957,0.3387
KXNCAAF1HTOTAL,12,12,0,0,12,0,1.0,0.2209
KXNCAAF1Q,60,60,0,60,0,0,0.0487,0.0487
KXNCAAF1QSPREAD,12,12,3,0,9,0,0.9281,0.5273
KXNCAAF1QTOTAL,12,12,2,0,10,0,0.9695,0.4381
KXNCAAF2H,42,42,0,42,0,0,0.0688,0.0688
KXNCAAF2HSPREAD,12,12,2,0,10,0,0.9695,0.4381
KXNCAAF2HTOTAL,12,12,0,0,12,0,1.0,0.2209
KXNCAAF2Q,60,60,0,60,0,0,0.0487,0.0487
KXNCAAF2QSPREAD,12,12,4,0,8,0,0.8771,0.6091
KXNCAAF2QTOTAL,12,12,0,0,12,0,1.0,0.2209
KXNCAAF3Q,60,60,0,60,0,0,0.0487,0.0487
KXNCAAF3QSPREAD,12,12,3,2,7,0,0.819,0.5273
KXNCAAF3QTOTAL,12,12,1,2,9,0,0.9281,0.3387
KXNCAAF4Q,60,60,0,60,0,0,0.0487,0.0487
KXNCAAF4QSPREAD,12,12,5,0,7,0,0.819,0.6848
KXNCAAF4QTOTAL,12,12,1,0,11,0,0.9957,0.3387
KXNCAAFFIRSTTDTEAM,60,60,0,60,0,0,0.0487,0.0487
KXNCAAFGAME,60,60,0,60,0,0,0.0487,0.0487
KXNCAAFOT,12,12,12,0,0,0,0.2209,1.0
KXNCAAFQHIGHSCORE,15,13,0,13,0,2,0.2058,0.2058
KXNCAAFSPREAD,12,12,0,1,11,0,0.9957,0.2209
KXNCAAFTEAMFG,12,12,0,4,8,0,0.8771,0.2209
KXNCAAFTEAMRECTD,12,12,2,3,7,0,0.819,0.4381
KXNCAAFTEAMRECYDS,12,12,0,0,12,0,1.0,0.2209
KXNCAAFTEAMRSHTD,12,12,4,3,5,0,0.6848,0.6091
KXNCAAFTEAMTD,12,12,2,2,8,0,0.8771,0.4381
KXNCAAFTEAMTOTAL,12,12,0,0,12,0,1.0,0.2209
KXNCAAFTEAMYDS,12,12,0,1,11,0,0.9957,0.2209
KXNCAAFTOPAPRANK,10,10,0,0,10,0,1.0,0.2589
KXNCAAFTOTAL,12,12,0,0,12,0,1.0,0.2209
KXNCAAMSOCCERGAME,60,59,0,59,0,1,0.0495,0.0495
KXNCAAWVMATCH,60,60,0,60,0,0,0.0487,0.0487
KXNEAR15M,12,12,7,5,0,0,0.2209,0.819
KXNETFLIXRANKMOVIE,10,10,2,8,0,0,0.2589,0.5069
KXNETFLIXRANKMOVIERUNNERUP,10,10,2,8,0,0,0.2589,0.5069
KXNETFLIXRANKSHOWGLOBAL,10,10,3,7,0,0,0.2589,0.6066
KXNETFLIXRANKSHOWRUNNERUP,10,10,0,10,0,0,0.2589,0.2589
KXNETFLIXTOPVIEWSTV,10,10,0,2,8,0,0.9632,0.2589
KXNFL1HFT,17,17,0,17,0,0,0.1616,0.1616
KXNFL1HTEAMTOTAL,12,12,0,0,12,0,1.0,0.2209
KXNFL1QSPREAD,12,12,2,1,9,0,0.9281,0.4381
KXNFL1QTOTAL,12,12,1,0,11,0,0.9957,0.3387
KXNFL2HSPREAD,12,12,2,1,9,0,0.9281,0.4381
KXNFL2HTOTAL,12,12,0,0,12,0,1.0,0.2209
KXNFL2QSPREAD,12,12,3,2,7,0,0.819,0.5273
KXNFL3QTOTAL,12,12,1,0,11,0,0.9957,0.3387
KXNFLFFPTS,12,12,0,0,12,0,1.0,0.2209
KXNFLFG,12,12,1,1,10,0,0.9695,0.3387
KXNFLFIRSTTD,12,2,1,1,0,10,0.7764,0.9747
KXNFLFIRSTTDTEAM,17,17,0,17,0,0,0.1616,0.1616
KXNFLLONGREC,12,12,0,0,12,0,1.0,0.2209
KXNFLPASSINT,12,12,3,5,4,0,0.6091,0.5273
KXNFLPASSYDS,12,12,0,0,12,0,1.0,0.2209
KXNFLRACE,60,60,0,60,0,0,0.0487,0.0487
KXNFLREC,12,10,0,0,10,2,1.0,0.2589
KXNFLRECYDS,12,10,0,0,10,2,1.0,0.2589
KXNFLRRYDS,12,12,2,2,8,0,0.8771,0.4381
KXNFLRSHATT,12,12,0,0,12,0,1.0,0.2209
KXNFLRSHYDS,12,11,0,0,11,1,1.0,0.2384
KXNFLSPREAD,12,12,1,1,10,0,0.9695,0.3387
KXNFLTD,12,3,0,0,3,9,1.0,0.6316
KXNFLTEAMFIRSTTD,12,6,0,6,0,6,0.393,0.393
KXNFLTEAMTOTAL,12,12,0,0,12,0,1.0,0.2209
KXNFLTEAMYDS,12,12,0,0,12,0,1.0,0.2209
KXNFLTOTALTD,12,12,0,1,11,0,0.9957,0.2209
KXNPBGAME,60,56,0,56,0,4,0.0521,0.0521
KXNPBSPREAD,12,12,2,3,7,0,0.819,0.4381
KXNPBTOTAL,12,12,5,3,4,0,0.6091,0.6848
KXNWSLSPREAD,12,12,8,3,1,0,0.3387,0.8771
KXNWSLTOTAL,12,12,0,2,10,0,0.9695,0.2209
KXOPENSOURCESHARE,6,6,0,0,6,0,1.0,0.393
KXPALLADIUMH,12,12,0,1,11,0,0.9957,0.2209
KXPERLIGA1GAME,60,60,0,60,0,0,0.0487,0.0487
KXPERLIGA1SPREAD,12,12,9,2,1,0,0.3387,0.9281
KXPSAKIMENTION,12,12,0,0,12,0,1.0,0.2209
KXPUREALBUMS,12,12,3,2,7,0,0.819,0.5273
KXR6GAME,60,59,0,59,0,1,0.0495,0.0495
KXRAIN,11,11,0,0,11,0,1.0,0.2384
KXRT,12,12,0,0,12,0,1.0,0.2209
KXRUGBYNRLMATCH,60,60,0,60,0,0,0.0487,0.0487
KXSAUDIPL1H,60,60,0,60,0,0,0.0487,0.0487
KXSAUDIPL1HBTTS,12,12,7,5,0,0,0.2209,0.819
KXSAUDIPL1HSPREAD,12,12,9,3,0,0,0.2209,0.9281
KXSAUDIPL1HTOTAL,12,12,3,2,7,0,0.819,0.5273
KXSAUDIPLGAME,60,60,0,60,0,0,0.0487,0.0487
KXSAUDIPLSPREAD,12,12,7,4,1,0,0.3387,0.819
KXSAUDIPLTOTAL,12,12,2,0,10,0,0.9695,0.4381
KXSCOCUPGAME,44,44,0,44,0,0,0.0658,0.0658
KXSCOTTISHPREM1H,36,36,0,36,0,0,0.0798,0.0798
KXSCOTTISHPREM1HTOTAL,12,12,3,6,3,0,0.5273,0.5273
KXSCOTTISHPREMSPREAD,12,12,10,1,1,0,0.3387,0.9695
KXSCOTTISHPREMTOTAL,12,12,1,4,7,0,0.819,0.3387
KXSERIEA1H,41,41,0,41,0,0,0.0705,0.0705
KXSERIEA1HSCORE,31,31,0,31,0,0,0.0921,0.0921
KXSERIEA1HSPREAD,12,12,10,2,0,0,0.2209,0.9695
KXSERIEA2H,31,31,0,31,0,0,0.0921,0.0921
KXSERIEA2HSPREAD,12,12,10,2,0,0,0.2209,0.9695
KXSERIEABTTS,12,12,2,10,0,0,0.2209,0.4381
KXSERIEASCORE,41,41,1,40,0,0,0.0705,0.1106
KXSERIEASPREAD,12,12,9,3,0,0,0.2209,0.9281
KXSERIEATEAMTOTAL,12,12,0,1,11,0,0.9957,0.2209
KXSERIEATOTAL,12,12,0,1,11,0,0.9957,0.2209
KXSERIEBGAME,41,41,0,41,0,0,0.0705,0.0705
KXSERIEBSPREAD,12,12,8,3,1,0,0.3387,0.8771
KXSERIEBTOTAL,12,12,0,3,9,0,0.9281,0.2209
KXSERIECCUPADVANCE,45,44,0,44,0,1,0.0658,0.0658
KXSERIECCUPSPREAD,12,11,6,0,5,1,0.7288,0.8004
KXSERIECCUPTOTAL,12,11,1,2,8,1,0.9212,0.3644
KXSERIECGAME,60,60,0,60,0,0,0.0487,0.0487
KXSERIECSPREAD,12,12,9,2,1,0,0.3387,0.9281
KXSERIECTOTAL,12,12,3,0,9,0,0.9281,0.5273
KXSGPPLSPREAD,5,5,2,1,2,0,0.8107,0.8107
KXSHIBA,60,60,0,60,0,0,0.0487,0.0487
KXSILVER15M,12,12,6,6,0,0,0.2209,0.7547
KXSILVERD,12,12,0,0,12,0,1.0,0.2209
KXSILVERH,12,12,0,0,12,0,1.0,0.2209
KXSLGREECESPREAD,12,12,4,7,1,0,0.3387,0.6091
KXSLGREECETOTAL,12,12,1,1,10,0,0.9695,0.3387
KXSOFRD,31,31,8,23,0,0,0.0921,0.4177
KXSOL15M,12,12,7,5,0,0,0.2209,0.819
KXSOLD,12,12,0,0,12,0,1.0,0.2209
KXSOLE,12,12,0,12,0,0,0.2209,0.2209
KXSPEECHAI,6,6,0,6,0,0,0.393,0.393
KXSRBSLGAME,36,36,0,36,0,0,0.0798,0.0798
KXSRBSLSPREAD,12,12,9,2,1,0,0.3387,0.9281
KXSRBSLTOTAL,12,12,1,1,10,0,0.9695,0.3387
KXSUEZWEEKLY,7,7,0,1,6,0,0.9927,0.3482
KXSUPERLIGSPREAD,12,12,7,2,3,0,0.5273,0.819
KXSUPERLIGTOTAL,12,12,2,3,7,0,0.819,0.4381
KXSVK2LGAME,41,41,0,41,0,0,0.0705,0.0705
KXSVK2LTOTAL,12,12,1,3,8,0,0.8771,0.3387
KXSVKCUPADVANCE,60,49,0,49,0,11,0.0593,0.0593
KXSVKCUPGAME,60,49,0,49,0,11,0.0593,0.0593
KXSVKCUPSPREAD,12,12,5,3,4,0,0.6091,0.6848
KXSVKCUPTOTAL,12,12,1,0,11,0,0.9957,0.3387
KXSVNPLBTTS,12,12,5,7,0,0,0.2209,0.6848
KXSVNPLSPREAD,12,12,6,3,3,0,0.5273,0.7547
KXSVNPLTOTAL,12,12,1,1,10,0,0.9695,0.3387
KXSWISSLEAGUETOTAL,12,11,0,2,9,1,0.9667,0.2384
KXT20MATCH,60,59,0,59,0,1,0.0495,0.0495
KXTACAPORTTOTAL,12,12,1,1,10,0,0.9695,0.3387
KXTEMPAUSH,12,12,0,0,12,0,1.0,0.2209
KXTEMPCHIH,12,12,0,0,12,0,1.0,0.2209
KXTEMPCHIHS,12,12,0,0,12,0,1.0,0.2209
KXTEMPDCH,12,12,0,0,12,0,1.0,0.2209
KXTEMPLAXH,12,12,0,0,12,0,1.0,0.2209
KXTEMPLAXHS,12,12,0,0,12,0,1.0,0.2209
KXTEMPMIAH,12,12,0,0,12,0,1.0,0.2209
KXTEMPNYCH,12,12,0,1,11,0,0.9957,0.2209
KXTFF1LIGGAME,60,60,0,60,0,0,0.0487,0.0487
KXTFF1LIGSPREAD,12,12,10,0,2,0,0.4381,0.9695
KXTFF1LIGTOTAL,12,12,0,2,10,0,0.9695,0.2209
KXTHAIL1GAME,17,17,0,17,0,0,0.1616,0.1616
KXTHAIL1SPREAD,12,12,10,1,1,0,0.3387,0.9695
KXTHAIL1TOTAL,12,12,0,3,9,0,0.9281,0.2209
KXTITLEDTUESDAY,10,10,2,8,0,0,0.2589,0.5069
KXTITLEDTUESTOP,12,12,0,0,12,0,1.0,0.2209
KXTOPSONG,10,10,0,10,0,0,0.2589,0.2589
KXTRUEV,12,12,0,0,12,0,1.0,0.2209
KXTRUMPAPPROVE,17,17,0,17,0,0,0.1616,0.1616
KXTRUMPENDORSEMENTS,9,9,2,0,7,0,0.959,0.5496
KXTRUMPMENTION,11,11,0,0,11,0,1.0,0.2384
KXTRUMPMENTIONB,12,12,0,0,12,0,1.0,0.2209
KXTRUMPSAY,9,9,0,0,9,0,1.0,0.2831
KXTTELITEMATCH,60,60,0,60,0,0,0.0487,0.0487
KXTTSTARMATCH,60,60,0,60,0,0,0.0487,0.0487
KXTWEEDEDIVGAME,45,44,0,44,0,1,0.0658,0.0658
KXTWEEDEDIVSPREAD,12,11,6,3,2,1,0.4701,0.8004
KXTWEEDEDIVTOTAL,12,11,0,0,11,1,1.0,0.2384
KXTXERCOTPEAKD,12,12,0,0,12,0,1.0,0.2209
KXUAEPLGAME,35,35,0,35,0,0,0.082,0.082
KXUAEPLSPREAD,12,12,11,1,0,0,0.2209,0.9957
KXUAEPLTOTAL,12,12,1,3,8,0,0.8771,0.3387
KXUCL1HTOTAL,12,12,3,2,7,0,0.819,0.5273
KXUCL2H,18,18,0,18,0,0,0.1533,0.1533
KXUCL2HBTTS,12,12,8,4,0,0,0.2209,0.8771
KXUCL2HTOTAL,12,12,1,5,6,0,0.7547,0.3387
KXUCLCORNERS,7,7,2,1,4,0,0.8712,0.6587
KXUCLFIRSTGOAL,12,11,0,11,0,1,0.2384,0.2384
KXUCLFTTS,18,18,0,18,0,0,0.1533,0.1533
KXUCLGAME,60,60,0,60,0,0,0.0487,0.0487
KXUCLGOAL,12,11,0,1,10,1,0.9953,0.2384
KXUCLSCORE,7,7,0,7,0,0,0.3482,0.3482
KXUCLTEAMTOTAL,12,12,0,1,11,0,0.9957,0.2209
KXUCLTOTAL,12,12,0,1,11,0,0.9957,0.2209
KXUCLWGAME,60,60,0,60,0,0,0.0487,0.0487
KXUCLWSPREAD,12,12,6,2,4,0,0.6091,0.7547
KXUCLWTOTAL,12,12,0,1,11,0,0.9957,0.2209
KXUFCFIGHT,60,57,0,57,0,3,0.0512,0.0512
KXUFCMOF,60,60,0,60,0,0,0.0487,0.0487
KXUFCMOV,60,60,0,60,0,0,0.0487,0.0487
KXUFCROUNDS,12,12,7,1,4,0,0.6091,0.819
KXUFCVICROUND,60,60,0,60,0,0,0.0487,0.0487
KXURYPDSPREAD,12,12,9,3,0,0,0.2209,0.9281
KXUSDCADAD,12,12,0,0,12,0,1.0,0.2209
KXUSDCADAW,8,8,0,0,8,0,1.0,0.3123
KXUSDCHFAW,8,8,0,0,8,0,1.0,0.3123
KXUSDINRAD,12,12,0,0,12,0,1.0,0.2209
KXUSDJPY,12,12,0,12,0,0,0.2209,0.2209
KXUSDJPYAW,8,8,4,0,4,0,0.8071,0.8071
KXUSDNOKAD,12,12,0,0,12,0,1.0,0.2209
KXUSDNOKAW,8,8,3,1,4,0,0.8071,0.7108
KXUSL1H,60,60,0,60,0,0,0.0487,0.0487
KXUSL1HBTTS,12,12,11,1,0,0,0.2209,0.9957
KXUSL1HTOTAL,12,12,1,8,3,0,0.5273,0.3387
KXUSLCUP1HBTTS,6,6,5,1,0,0,0.393,0.9915
KXUSLCUPGAME,6,6,0,6,0,0,0.393,0.393
KXUSLSPREAD,12,12,6,3,3,0,0.5273,0.7547
KXUST10AD,12,12,0,0,12,0,1.0,0.2209
KXUST30A,9,9,0,0,9,0,1.0,0.2831
KXUST30AD,12,12,0,0,12,0,1.0,0.2209
KXUST5AD,12,12,0,0,12,0,1.0,0.2209
KXUST7AD,12,12,0,0,12,0,1.0,0.2209
KXVALORANTGAME,60,59,0,59,0,1,0.0495,0.0495
KXVALORANTMAP,60,60,0,60,0,0,0.0487,0.0487
KXVALORANTTOTALMAPS,12,12,5,7,0,0,0.2209,0.6848
KXVANCEMENTION,11,11,0,0,11,0,1.0,0.2384
KXVENFUTVEGAME,60,34,0,34,0,26,0.0843,0.0843
KXVENFUTVETOTAL,12,12,0,4,8,0,0.8771,0.2209
KXVFILMFESTIVAL,6,6,0,6,0,0,0.393,0.393
KXVLEAGUE1GAME,14,14,0,14,0,0,0.1926,0.1926
KXVLEAGUE1SPREAD,12,12,6,3,3,0,0.5273,0.7547
KXWFIBAGAME,36,36,0,36,0,0,0.0798,0.0798
KXWFIBASPREAD,12,12,1,1,10,0,0.9695,0.3387
KXWFIBATOTAL,12,12,0,0,12,0,1.0,0.2209
KXWORLDNEWSMENTION,12,12,0,0,12,0,1.0,0.2209
KXWT20MATCH,57,57,0,57,0,0,0.0512,0.0512
KXWTA,10,10,0,10,0,0,0.2589,0.2589
KXWTACHALLENGERMATCH,60,58,0,58,0,2,0.0503,0.0503
KXWTADOUBLES,60,58,0,58,0,2,0.0503,0.0503
KXWTAEXACTMATCH,60,60,0,60,0,0,0.0487,0.0487
KXWTAGTOTAL,12,11,3,5,3,1,0.5644,0.5644
KXWTAMATCH,60,54,0,54,0,6,0.054,0.054
KXWTASETWINNER,60,58,0,58,0,2,0.0503,0.0503
KXWTI,12,12,0,0,12,0,1.0,0.2209
KXWTI15M,12,12,5,7,0,0,0.2209,0.6848
KXWTIH,12,12,0,0,12,0,1.0,0.2209
KXWTIW,9,9,0,9,0,0,0.2831,0.2831
KXXRP,12,12,0,12,0,0,0.2209,0.2209
KXXRP15M,12,12,9,3,0,0,0.2209,0.9281
KXXRPD,12,12,0,0,12,0,1.0,0.2209
KXYTDAILYTOPVIDEOG,43,43,7,36,0,0,0.0673,0.2841
KXYTTOPVIDEO2D,43,43,8,35,0,0,0.0673,0.3107
KXYTTOPVIDEOG2D,43,43,15,28,0,0,0.0673,0.4852
KXZEC15M,12,12,5,7,0,0,0.2209,0.6848
